<?xml version="1.0"?>
<timetabling xmlns:xsi="http://www.w3.org/2001/XMLSchema-instance" xsi:noNamespaceSchemaLocation="usp_timetabling_v1_2.xsd" name="ua_timtetabling_autogeneration" nrWeeks="24" nrDaysPerWeek="5" nrSlotsPerDay="1440">

<rooms>
<room id="room1" capacity="200" label="room,Amphi"/>//core constraint
<room id="room2" capacity="210" label="room,Amphi"/>//Contraintes implicites capacity doit être respecté
<room id="room3" capacity="29" label="room,Salle-info"/>//doublage des salles qui ont des capacités alternatives
<room id="room4" capacity="20" label="room,Salle-info"/>// capacity en dur du coup
</rooms>

<teachers>
<teacher id="teacher1" label="teacher,D10"/>
<teacher id="teacher2" label="teacher,D2"/>
<teacher id="teacher3" label="teacher,D4"/>
<teacher id="teacher4" label="teacher,D11"/>
</teachers>

<courses>

    <course id="cours-1" label="cours">
        <part id="cours-1-pCM" nrSessions="10" sessionLength="80" sessionRooms="1" sessionTeachers="1" label="CM,grid80">
            <classes>
                <class id="cours-1-pCM-c1" label="CM"/>
            </classes>
        </part>

        <part id="cours-1-pTP" nrSessions="10" sessionLength="80" sessionRooms="1-*" sessionTeachers="1" label="TP,grid80">
            <classes>
                <class id="cours-1-pTP-c1" parent="cours-1-pCM-c1" label="TP,1"/>
                <class id="cours-1-pTP-c2" parent="cours-1-pCM-c1" label="TP,2"/>
            </classes>
        </part>
    </course>

    <course id="cours-2" label="D10,M1">
        <part id="cours-2-pCM" nrSessions="6" sessionLength="240" sessionRooms="1-*" sessionTeachers="1-2" label="CM,grid240">
            <classes>
                <class id="cours-2-pCM-c1" label="CM"/>
            </classes>
        </part>

        <part id="cours-2-pTD" nrSessions="12" sessionLength="240" sessionRooms="1" sessionTeachers="1" label="TD,grid240">
            <classes maxHeadCount="40">//Taille maquette qui va être utilisée
                                       //pour le solver est le min taille effective et taille maquette
                <class id="cours-2-pTD-c1" parent="cours-2-pCM-c1" label="TD,1"/>
            </classes>
        </part>
    </course>
    </courses>
    <groups>
        <group id="G1" headcount="21">//taille réelle du groupe
            <classes>
                <class refId="cours-1-pCM-c1"/>
                <class refId="cours-1-pTP-c1"/>
                <class refId="cours-2-pCM-c1"/>
                <class refId="cours-2-pTD-c1"/>
            </classes>
        </group>  
        <group id="G2" headCount="20">   
            <classes>
                <class refId="cours-1-pCM-c1"/>
                <class refId="cours-1-pTP-c2"/>
                <class refId="cours-2-pCM-c1"/>
                <class refId="cours-2-pTD-c1"/>
            </classes>
        </group>  
    </groups>
        <rules>
 <!-- TODO-->
            <rule><!-- Union entre les parameters extension-->
                <selector generator="(part[label='grid240'], *)" filter=""/>
                <constraint name="allowedGrids" type="hard"><!--allowedGrids-->
                    <parameters>
                        <parameter name="dailySlots" >480,750</parameter>
                        <parameter name="days" >1-3</parameter>
                        <parameter name="weeks" >1,2,3,4</parameter>
                    </parameters><!--union-->
                    <parameters>
                        <parameter name="dailySlots" >480,750</parameter>
                        <parameter name="days" >4,5</parameter>
                        <parameter name="weeks" >5-6</parameter>
                    </parameters>
                </constraint>
            </rule>


            <rule>
                <selector generator="(part[label='grid80'], *)" filter=""/>
                <constraint name="allowedGrids" type="hard">
                    <parameters>
                        <parameter name="dailySlots" >480,570,660,750,840,930,1020,1110</parameter>
                        <parameter name="days" >1,2,3,4,5</parameter>
                        <parameter name="weeks" >1,2,3,4,5,6</parameter>
                    </parameters>
                </constraint>
            </rule>

          <!-- <rule>
                <selector generator="(part, *)" filter="part[label='TP']|part[label='TD']"/>
                <constraint name="requiredRooms" type="hard">
                    <parameters>
                        <parameter name="mandatoryRoomIds" >room2,room3</parameter>
                        <parameter name="allowedRoomsIds" >room4,room3,room2</parameter>
                    </parameters>
                </constraint>
            </rule> -->

            <rule>
                <selector generator="(part, *)" filter="part[label='TP']|part[label='TD']"/>
                <constraint name="allowedRooms" type="hard">
                    <parameters>
                        <parameter name="roomIds" >room4,room3,room2</parameter>
                    </parameters>
                </constraint>
            </rule>
            
            <rule>
                <selector generator="(part, *)" filter="part[label='TP']|part[label='TD']"/>
                <constraint name="forbiddenRooms" type="hard">
                    <parameters>
                        <parameter name="roomIds" >room4</parameter>
                    </parameters>
                </constraint>
            </rule>

            <rule>
                <selector generator="(part, *)" filter="part[label='TP']|part[label='TD']"/>//mandatory
                <constraint name="requiredRooms" type="hard" cost="SessionsCount">
                    <parameters>
                        <parameter name="roomIds" >room3,room2</parameter>
                    </parameters>
                </constraint>
            </rule>


            <rule>
                <selector generator="(part[label='CM'], *)" filter=""/>
                <constraint name="allowedRooms" type="hard">
                    <parameters>
                        <parameter name="roomLabels" >Amphi</parameter>
                    </parameters>
                </constraint>
            </rule>

            <rule><!-- union sur les parameters-->
                <selector generator="(part[id='cours-1-pTP'], *)" filter=""/>
                <constraint name="requiredTeachers" type="hard"><!-- ok -->
                    <parameters>
                        <parameter name="teacherId" >teacher1</parameter>
                        <parameter name="nrSessions" >10</parameter>
                    </parameters>
                    <parameters>
                        <parameter name="teacherId" >teacher2</parameter>//
                        <parameter name="nrSessions" >9-10</parameter>//deviation en sum sur les écarts des intervalles
                    </parameters>
                    <parameters>
                        <parameter name="teacherId" >teacher4</parameter>
                        <parameter name="nrSessions" >0-1</parameter>
                    </parameters>
                </constraint>
            </rule>//cost : teacher hors pool p.ex teacher3 2 sessions + écart aux intervalles

            <!-- TODO-->
   
           
            //TODO
            //Gap scope FL, ALL & val & unit & intervalles min max //lé 2 ou soit l'un ou l'autre
            //adios//maxGap scope FL, ALl & val & unit
            //workload intervalles min max
            //compactness intervalles min max 



            <rule>
                <selector generator="(class, *)" filters="course[id='cours-1']"/>
                <constraint name="sameRooms" type="hard"/>
            </rule>
            <rule>
                <selector generator="(class, *)" filters="part[id='cours-1-pTP']"/>
                <constraint name="sameTeachers" type="hard"/>
                </rule>
                <rule>
                <selector generator="(class, {4})" filters="course[id='cours-1'],part[label='CM']"/>
                <selector generator="(class, {1})" filters="course[id='cours-1'],part[label='TP']"/>
                <constraint name="sequenced" type="hard"/>
                </rule>


                <rule>
                    <selector generator="(class, *)" filters="course[id='cours-1'],part[label='CM']"/>
                    <constraint name="periodic" type="hard">
                    <parameters>
                        <parameter name="value">1</parameter>
                        <parameter name="unit">week</parameter>
                    </parameters>
                </constraint>
            </rule>
            <rule>
                <selector generator="(class, *)" filters="course[id='cours-2'],part[label='CM']"/>
                <constraint name="periodic" type="hard">//Decomposition en trois contraintes
                <parameters>
                    <parameter name="value">1</parameter>
                    <parameter name="unit">week</parameter>
                </parameters>
            </constraint>
        </rule>
        <rule>
            <selector generator="(student, *)" filters="" />
            <constraint name="disjunctiveGroup" type="hard">
            </constraint>
        </rule>
        
        <!-- conditionnel-->
        <rule>
            <selector generator="(lecturer, *)" filters="" />
            <constraint name="disjunctiveTeacher" type="hard">
            </constraint>
        </rule>
        
        <!-- conditionnel-->
        <rule>
            <selector generator="(room, *)" filters="" />
            <constraint name="disjunctiveRoom" type="hard">
            </constraint>
        </rule>
        
        <!-- impliciteSequenced-->
        <rule>
            <selector generator="(class, *)" filters="" />
            <constraint name="sequenced" type="hard">
            </constraint>
        </rule>
        </rules>
    <solution>
        <groups>
            <group id="G1">
                <students>
                    <student refId="S1"/>
                </students>    
                <classes>
                    <class refId="cours-1-pCM-c1"/>
                    <class refId="cours-1-pTP-c1"/>
                    <class refId="cours-2-pCM-c1"/>
                    <class refId="cours-2-pTD-c1"/>
                </classes>
            </group>  
            <group id="G2">
                <students>
                    <student refId="S2"/>
                </students>    
                <classes>
                    <class refId="cours-1-pCM-c1"/>
                    <class refId="cours-1-pTP-c2"/>
                    <class refId="cours-2-pCM-c1"/>
                    <class refId="cours-2-pTD-c1"/>
                </classes>
            </group>  
        </groups>
        </solution>
    </timetabling>